{"cameraMode":{"drawMode":0,"name":"Shaded","section":"Shading Mode"},"sceneLighting":true,"audioPlay":false,"sceneViewState":{"showFog":true,"showMaterialUpdate":false,"showSkybox":true,"showFlares":true,"showImageEffects":true,"showParticleSystems":true},"in2DMode":false,"pivot":{"x":-7.3606061935424809,"y":-4.58764123916626,"z":3.204134464263916},"rotation":{"x":-0.22451603412628175,"y":0.5882630944252014,"z":-0.17446297407150269,"w":-0.7570344805717468},"size":11.455523490905762,"orthographic":false}